Art,Venere,"Chemel, James L Cpa",8 W Cerritos Ave #54,Bridgeport,Gloucester,8014,7,856-636-8749,856-264-4130,art@venere.org,http://www.chemeljameslcpa.com
Alisha,Slusarski,Wtlz Power 107 Fm,3273 State St,Middlesex,Middlesex,8846,14,732-658-3154,732-635-3453,alisha@slusarski.com,http://www.wtlzpowerfm.com
Ernie,Stenseth,Knwz Newsradio,45 E Liberty St,Ridgefield Park,Bergen,7660,33,201-709-6245,201-387-9093,ernie_stenseth@aol.com,http://www.knwznewsradio.com
Albina,Glick,"Giampetro, Anthony D",4 Ralph Ct,Dunellen,Middlesex,8812,34,732-924-7882,732-782-6701,albina@glick.com,http://www.giampetroanthonyd.com
Karl,Klonowski,"Rossi, Michael M",76 Brooks St #9,Flemington,Hunterdon,8822,21,908-877-6135,908-470-4661,karl_klonowski@yahoo.com,http://www.rossimichaelm.com
Jamal,Vanausdal,"Hubbard, Bruce Esq",53075 Sw 152nd Ter #615,Monroe Township,Middlesex,8831,15,732-234-1546,732-904-2931,jamal@vanausdal.org,http://www.hubbardbruceesq.com
Delisa,Crupi,Wood & Whitacre Contractors,47565 W Grand Ave,Newark,Essex,7105,22,973-354-2040,973-847-9611,delisa.crupi@crupi.com,http://www.woodwhitacrecontractors.com
Elza,Lipke,Museum Of Science & Industry,6794 Lake Dr E,Newark,Essex,7104,15,973-927-3447,973-796-3667,elza@yahoo.com,http://www.museumofscienceindustry.com
Rolland,Francescon,"Stanley, Richard L Esq",2726 Charcot Ave,Paterson,Passaic,7501,22,973-649-2922,973-284-4048,rolland@cox.net,http://www.stanleyrichardlesq.com
Ty,Smith,Bresler Eitel Framg Gllry Ltd,4646 Kaahumanu St,Hackensack,Bergen,7601,33,201-672-1553,201-995-3149,tsmith@aol.com,http://www.breslereitelframggllryltd.com
Talia,Riopelle,Ford Brothers Wholesale Inc,1 N Harlem Ave #9,Orange,Essex,7050,21,973-245-2133,973-818-9788,talia_riopelle@aol.com,http://www.fordbrotherswholesaleinc.com
Van,Shire,Cambridge Inn,90131 J St,Pittstown,Hunterdon,8867,11,908-409-2890,908-448-1209,van.shire@shire.com,http://www.cambridgeinn.com
Kimbery,Madarang,"Silberman, Arthur L Esq",798 Lund Farm Way,Rockaway,Morris,7866,16,973-310-1634,973-225-6259,kimbery_madarang@cox.net,http://www.silbermanarthurlesq.com
Thurman,Manno,Honey Bee Breeding Genetics &,9387 Charcot Ave,Absecon,Atlantic,8201,15,609-524-3586,609-234-8376,thurman.manno@yahoo.com,http://www.honeybeebreedinggenetics.com
Becky,Mirafuentes,Wells Kravitz Schnitzer,30553 Washington Rd,Plainfield,Union,7062,15,908-877-8409,908-426-8272,becky.mirafuentes@mirafuentes.com,http://www.wellskravitzschnitzer.com
Cheryl,Haroldson,New York Life John Thune,92 Main St,Atlantic City,Atlantic,8401,22,609-518-7697,609-263-9243,cheryl@haroldson.org,http://www.newyorklifejohnthune.com
Lizette,Stem,Edward S Katz,501 N 19th Ave,Cherry Hill,Camden,8002,14,856-487-5412,856-702-3676,lizette.stem@aol.com,http://www.edwardskatz.com
Irma,Wolfgramm,Serendiquity Bed & Breakfast,9745 W Main St,Randolph,Morris,7869,9,973-545-7355,973-868-8660,irma.wolfgramm@hotmail.com,http://www.serendiquitybedbreakfast.com
Nelida,Sawchuk,Anchorage Museum Of Hist & Art,3 State Route 35 S,Paramus,Bergen,7652,19,201-971-1638,201-247-8925,nelida@gmail.com,http://www.anchoragemuseumofhistart.com
Junita,Brideau,Leonards Antiques Inc,6 S Broadway St,Cedar Grove,Essex,7009,43,973-943-3423,973-582-5469,jbrideau@aol.com,http://www.leonardsantiquesinc.com
Merlyn,Lawler,"Nischwitz, Jeffrey L Esq",4671 Alemany Blvd,Jersey City,Hudson,7304,11,201-588-7810,201-858-9960,merlyn_lawler@hotmail.com,http://www.nischwitzjeffreylesq.com
Jettie,Mconnell,Coldwell Bnkr Wright Real Est,50 E Wacker Dr,Bridgewater,Somerset,8807,9,908-802-3564,908-602-5258,jmconnell@hotmail.com,http://www.coldwellbnkrwrightrealest.com
Candida,Corbley,Colts Neck Medical Assocs Inc,406 Main St,Somerville,Somerset,8876,10,908-275-8357,908-943-6103,candida_corbley@hotmail.com,http://www.coltsneckmedicalassocsinc.com
Felicidad,Poullion,"Mccorkle, Tom S Esq",9939 N 14th St,Riverton,Burlington,8077,15,856-305-9731,856-828-6021,fpoullion@poullion.com,http://www.mccorkletomsesq.com
Eladia,Saulter,Tyee Productions Inc,3958 S Dupont Hwy #7,Ramsey,Bergen,7446,15,201-474-4924,201-365-8698,eladia@saulter.com,http://www.tyeeproductionsinc.com
An,Fritz,Linguistic Systems Inc,506 S Hacienda Dr,Atlantic City,Atlantic,8401,16,609-228-5265,609-854-7156,an_fritz@hotmail.com,http://www.linguisticsystemsinc.com
Portia,Stimmel,Peace Christian Center,3732 Sherman Ave,Bridgewater,Somerset,8807,15,908-722-7128,908-670-4712,portia.stimmel@aol.com,http://www.peacechristiancenter.com
Heike,Berganza,Cali Sportswear Cutting Dept,3 Railway Ave #75,Little Falls,Passaic,7424,25,973-936-5095,973-822-8827,heike@gmail.com,http://www.calisportswearcuttingdept.com
Carmen,Sweigard,Maui Research & Technology Pk,61304 N French Rd,Somerset,Somerset,8873,22,732-941-2621,732-445-6940,csweigard@sweigard.com,http://www.mauiresearchtechnologypk.com
Yvonne,Tjepkema,Radio Communications Co,9 Waydell St,Fairfield,Essex,7004,21,973-714-1721,973-976-8627,yvonne.tjepkema@hotmail.com,http://www.radiocommunicationsco.com
Erinn,Canlas,Anchor Computer Inc,13 S Hacienda Dr,Livingston,Essex,7039,20,973-767-3008,973-563-9502,erinn.canlas@canlas.com,http://www.anchorcomputerinc.com
Helaine,Halter,"Lippitt, Mike",8 Sheridan Rd,Jersey City,Hudson,7304,11,201-832-4168,201-412-3040,hhalter@yahoo.com,http://www.lippittmike.com
Aja,Gehrett,Stero Company,993 Washington Ave,Nutley,Essex,7110,20,973-544-2677,973-986-4456,aja_gehrett@hotmail.com,http://www.sterocompany.com
Leonora,Mauson,Insty Prints,3381 E 40th Ave,Passaic,Passaic,7055,25,973-412-2995,973-355-2120,leonora@yahoo.com,http://www.instyprints.com
Pete,Dubaldi,Womack & Galich,2215 Prosperity Dr,Lyndhurst,Bergen,7071,16,201-825-2514,201-749-8866,pdubaldi@hotmail.com,http://www.womackgalich.com
Truman,Feichtner,Legal Search Inc,539 Coldwater Canyon Ave,Bloomfield,Essex,7003,20,973-852-2736,973-473-5108,tfeichtner@yahoo.com,http://www.legalsearchinc.com
Tasia,Andreason,"Campbell, Robert A",4 Cowesett Ave,Kearny,Hudson,7032,19,201-920-9002,201-969-7063,tasia_andreason@yahoo.com,http://www.campbellroberta.com
Arthur,Farrow,"Young, Timothy L Esq",28 S 7th St #2824,Englewood,Bergen,7631,33,201-238-5688,201-772-4377,arthur.farrow@yahoo.com,http://www.youngtimothylesq.com
Lynelle,Auber,United Cerebral Palsy Of Ne Pa,32820 Corkwood Rd,Newark,Essex,7104,22,973-860-8610,973-605-6492,lynelle_auber@gmail.com,http://www.unitedcerebralpalsyofnepa.com
Golda,Kaniecki,Calaveras Prospect,6201 S Nevada Ave,Toms River,Ocean,8755,15,732-628-9909,732-617-5310,golda_kaniecki@yahoo.com,http://www.calaverasprospect.com
Catarina,Gleich,"Terk, Robert E Esq",78 Maryland Dr #146,Denville,Morris,7834,15,973-210-3994,973-491-8723,catarina_gleich@hotmail.com,http://www.terkroberteesq.com
Selma,Husser,Armon Communications,9 State Highway 57 #22,Jersey City,Hudson,7306,33,201-991-8369,201-772-7699,selma.husser@cox.net,http://www.armoncommunications.com
Shonda,Greenbush,Saint George Well Drilling,82 Us Highway 46,Clifton,Passaic,7011,25,973-482-2430,973-644-2974,shonda_greenbush@cox.net,http://www.saintgeorgewelldrilling.com
Cecil,Lapage,"Hawkes, Douglas D",4 Stovall St #72,Union City,Hudson,7087,33,201-693-3967,201-856-2720,clapage@lapage.com,http://www.hawkesdouglasd.com
Adell,Lipkin,Systems Graph Inc Ab Dick Dlr,65 Mountain View Dr,Whippany,Morris,7981,21,973-654-1561,973-662-8988,adell.lipkin@lipkin.com,http://www.systemsgraphincabdickdlr.com
Nu,Mcnease,Amazonia Film Project,88 Sw 28th Ter,Harrison,Hudson,7029,8,973-751-9003,973-903-4175,nu@gmail.com,http://www.amazoniafilmproject.com
Daniela,Comnick,Water & Sewer Department,7 Flowers Rd #403,Trenton,Mercer,8611,7,609-200-8577,609-398-2805,dcomnick@cox.net,http://www.watersewerdepartment.com
Tegan,Arceo,Ceramic Tile Sales Inc,62260 Park Stre,Monroe Township,Middlesex,8831,20,732-730-2692,732-705-6719,tegan.arceo@arceo.org,http://www.ceramictilesalesinc.com
Vi,Rentfro,Video Workshop,7163 W Clark Rd,Freehold,Monmouth,7728,33,732-605-4781,732-724-7251,vrentfro@cox.net,http://www.videoworkshop.com
Alpha,Palaia,"Stoffer, James M Jr",43496 Commercial Dr #29,Cherry Hill,Camden,8003,10,856-312-2629,856-513-7024,alpha@yahoo.com,http://www.stofferjamesmjr.com
Lili,Paskin,Morgan Custom Homes,20113 4th Ave E,Kearny,Hudson,7032,25,201-431-2989,201-478-8540,lili.paskin@cox.net,http://www.morgancustomhomes.com
Catalina,Tillotson,Icn Pharmaceuticals Inc,3338 A Lockport Pl #6,Margate City,Atlantic,8402,33,609-373-3332,609-826-4990,catalina@hotmail.com,http://www.icnpharmaceuticalsinc.com
